id;first_name;last_name;email;phone_number
1;Antino;Nicol√≤;Gondulfo.Gatto@email.it;longingly punctuation near
2;Colombo;Liguori;Mansueto10@gmail.com;release gah
3;Adalardo;Rubino;Cornelia80@email.it;into an circumference
4;Gualtiero;De Rossi;Sonia3@gmail.com;cross-contamination infinite limited
5;Agostino;Menna;Auro39@email.it;rebuild ad
6;Bice;Spadaro;Isacco37@libero.it;while mutate
7;Eleuterio;Conti;Gaspare.Fior91@libero.it;masticate lest
8;Polidoro;Santoro;Argimiro.Cuomo49@hotmail.com;while anticodon painfully
9;Mennone;Izzo;Estella38@libero.it;drat schematise
10;Lisandro;Prencipe;Edelberga.Carbon@email.it;alligator
